﻿<parameters>
  <parameter name="IIS Web Application Name" defaultValue="Cinderella" tags="IisApp">
    <parameterEntry kind="ProviderPath" scope="IisApp" match="^C:\\Users\\tambours\\Source\\Repos\\SAV\\SAV\\obj\\Release\\Package\\PackageTmp$" />
    <parameterEntry kind="ProviderPath" scope="setAcl" match="^C:\\Users\\tambours\\Source\\Repos\\SAV\\SAV\\obj\\Release\\Package\\PackageTmp$" />
  </parameter>
  <parameter name="Add write permission to App_Data Folder" description="Add write permission to App_Data folder" defaultValue="{IIS Web Application Name}/App_Data" tags="Hidden">
    <parameterEntry kind="ProviderPath" scope="setAcl" match="^C:\\Users\\tambours\\Source\\Repos\\SAV\\SAV\\obj\\Release\\Package\\PackageTmp\\App_Data$" />
  </parameter>
  <parameter name="SAVContext-Web.config Connection String" defaultValue="Data Source=localhost;Initial Catalog=sav;Integrated Security=True;Connect Timeout=30;Encrypt=False;TrustServerCertificate=False">
    <parameterEntry kind="XmlFile" scope="C:\\Users\\tambours\\Source\\Repos\\SAV\\SAV\\obj\\Release\\Package\\PackageTmp\\Web\.config$" match="/configuration/connectionStrings/add[@name='SAVContext']/@connectionString" />
  </parameter>
</parameters>